#;Link
1;https://rozhnovo.github.io/tropa_2019/fd3bb99
2;https://rozhnovo.github.io/tropa_2019/f1e106a
3;https://rozhnovo.github.io/tropa_2019/f714a92
4;https://rozhnovo.github.io/tropa_2019/f41e174
5;https://rozhnovo.github.io/tropa_2019/f145f7c
6;https://rozhnovo.github.io/tropa_2019/f10e1a7
7;https://rozhnovo.github.io/tropa_2019/f2b1198
8;https://rozhnovo.github.io/tropa_2019/f73ea92
9;https://rozhnovo.github.io/tropa_2019/ffe012d
10;https://rozhnovo.github.io/tropa_2019/f3d5393
11;https://rozhnovo.github.io/tropa_2019/fa7b967
12;https://rozhnovo.github.io/tropa_2019/fdd9269
13;https://rozhnovo.github.io/tropa_2019/f29cd0b
14;https://rozhnovo.github.io/tropa_2019/f7cb5db
15;https://rozhnovo.github.io/tropa_2019/f02694a
16;https://rozhnovo.github.io/tropa_2019/f5d53de
